race_desc,offense_name,count
American Indian or Alaska Native,Simple Assault,167
American Indian or Alaska Native,Drug/Narcotic Violations,50
American Indian or Alaska Native,Intimidation,43
American Indian or Alaska Native,All Other Larceny,36
American Indian or Alaska Native,Shoplifting,34
American Indian or Alaska Native,Destruction/Damage/Vandalism of Property,33
American Indian or Alaska Native,False Pretenses/Swindle/Confidence Game,24
American Indian or Alaska Native,Criminal Sexual Contact,20
American Indian or Alaska Native,Aggravated Assault,17
American Indian or Alaska Native,Counterfeiting/Forgery,8
American Indian or Alaska Native,Drug Equipment Violations,8
American Indian or Alaska Native,Pornography/Obscene Material,8
American Indian or Alaska Native,Impersonation,6
American Indian or Alaska Native,Weapon Law Violations,5
American Indian or Alaska Native,Theft From Building,4
American Indian or Alaska Native,Motor Vehicle Theft,4
American Indian or Alaska Native,Burglary/Breaking & Entering,4
American Indian or Alaska Native,Kidnapping/Abduction,4
American Indian or Alaska Native,Identity Theft,3
American Indian or Alaska Native,Rape,3
American Indian or Alaska Native,Betting/Wagering,3
American Indian or Alaska Native,Sodomy,3
American Indian or Alaska Native,Statutory Rape,2
American Indian or Alaska Native,Hacking/Computer Invasion,2
American Indian or Alaska Native,Credit Card/Automated Teller Machine Fraud,1
American Indian or Alaska Native,Gambling Equipment Violation,1
American Indian or Alaska Native,Murder and Nonnegligent Manslaughter,1
American Indian or Alaska Native,Embezzlement,1
American Indian or Alaska Native,Arson,1
American Indian or Alaska Native,Sexual Assault With An Object,1
American Indian or Alaska Native,Wire Fraud,1
American Indian or Alaska Native,Incest,1
American Indian or Alaska Native,Stolen Property Offenses,1
American Indian or Alaska Native,Extortion/Blackmail,1
American Indian or Alaska Native,Prostitution,1
American Indian or Alaska Native,Animal Cruelty,1
American Indian or Alaska Native,Operating/Promoting/Assisting Gambling,1
Asian,Simple Assault,722
Asian,Shoplifting,291
Asian,Drug/Narcotic Violations,222
Asian,Intimidation,177
Asian,All Other Larceny,163
Asian,False Pretenses/Swindle/Confidence Game,133
Asian,Aggravated Assault,123
Asian,Destruction/Damage/Vandalism of Property,113
Asian,Counterfeiting/Forgery,51
Asian,Criminal Sexual Contact,50
Asian,Weapon Law Violations,40
Asian,Assisting or Promoting Prostitution,34
Asian,Prostitution,33
Asian,Drug Equipment Violations,30
Asian,Kidnapping/Abduction,26
Asian,Pornography/Obscene Material,23
Asian,Burglary/Breaking & Entering,23
Asian,Theft From Building,22
Asian,Stolen Property Offenses,15
Asian,Motor Vehicle Theft,14
Asian,Theft From Motor Vehicle,14
Asian,Impersonation,14
Asian,Identity Theft,13
Asian,Sodomy,12
Asian,"Human Trafficking, Involuntary Servitude",11
Asian,Rape,9
Asian,Credit Card/Automated Teller Machine Fraud,9
Asian,Extortion/Blackmail,8
Asian,Robbery,8
Asian,Sexual Assault With An Object,7
Asian,Betting/Wagering,7
Asian,Arson,5
Asian,Murder and Nonnegligent Manslaughter,4
Asian,Animal Cruelty,3
Asian,Hacking/Computer Invasion,2
Asian,Theft of Motor Vehicle Parts or Accessories,1
Asian,Incest,1
Asian,"Human Trafficking, Commercial Sex Acts",1
Asian,Embezzlement,1
Black or African American,Simple Assault,42871
Black or African American,Drug/Narcotic Violations,22977
Black or African American,Shoplifting,14848
Black or African American,Destruction/Damage/Vandalism of Property,12894
Black or African American,All Other Larceny,11285
Black or African American,Aggravated Assault,10272
Black or African American,Intimidation,9914
Black or African American,False Pretenses/Swindle/Confidence Game,7826
Black or African American,Weapon Law Violations,6633
Black or African American,Motor Vehicle Theft,3711
Black or African American,Theft From Motor Vehicle,3510
Black or African American,Burglary/Breaking & Entering,3327
Black or African American,Drug Equipment Violations,3006
Black or African American,Robbery,2637
Black or African American,Stolen Property Offenses,2627
Black or African American,Counterfeiting/Forgery,1917
Black or African American,Criminal Sexual Contact,1449
Black or African American,Kidnapping/Abduction,1407
Black or African American,Credit Card/Automated Teller Machine Fraud,1378
Black or African American,Theft From Building,1059
Black or African American,Rape,788
Black or African American,Impersonation,716
Black or African American,Pornography/Obscene Material,547
Black or African American,Murder and Nonnegligent Manslaughter,516
Black or African American,Pocket-picking,494
Black or African American,Identity Theft,490
Black or African American,Sodomy,410
Black or African American,Animal Cruelty,277
Black or African American,Embezzlement,228
Black or African American,Arson,207
Black or African American,Sexual Assault With An Object,198
Black or African American,Statutory Rape,191
Black or African American,Purse-snatching,118
Black or African American,Theft of Motor Vehicle Parts or Accessories,113
Black or African American,Prostitution,106
Black or African American,Assisting or Promoting Prostitution,78
Black or African American,"Human Trafficking, Commercial Sex Acts",66
Black or African American,Wire Fraud,60
Black or African American,Extortion/Blackmail,56
Black or African American,Negligent Manslaughter,33
Black or African American,Hacking/Computer Invasion,24
Black or African American,Betting/Wagering,24
Black or African American,Justifiable Homicide,18
Black or African American,"Human Trafficking, Involuntary Servitude",14
Black or African American,Theft From Coin-Operated Machine or Device,14
Black or African American,Incest,10
Black or African American,Welfare Fraud,9
Black or African American,Gambling Equipment Violation,7
Black or African American,Bribery,6
Black or African American,Purchasing Prostitution,5
Native Hawaiian or Other Pacific Islander,Simple Assault,57
Native Hawaiian or Other Pacific Islander,Shoplifting,19
Native Hawaiian or Other Pacific Islander,All Other Larceny,16
Native Hawaiian or Other Pacific Islander,Drug/Narcotic Violations,15
Native Hawaiian or Other Pacific Islander,Destruction/Damage/Vandalism of Property,14
Native Hawaiian or Other Pacific Islander,Aggravated Assault,12
Native Hawaiian or Other Pacific Islander,Intimidation,12
Native Hawaiian or Other Pacific Islander,False Pretenses/Swindle/Confidence Game,10
Native Hawaiian or Other Pacific Islander,Weapon Law Violations,7
Native Hawaiian or Other Pacific Islander,Burglary/Breaking & Entering,7
Native Hawaiian or Other Pacific Islander,Counterfeiting/Forgery,5
Native Hawaiian or Other Pacific Islander,Criminal Sexual Contact,4
Native Hawaiian or Other Pacific Islander,Credit Card/Automated Teller Machine Fraud,3
Native Hawaiian or Other Pacific Islander,Theft From Motor Vehicle,3
Native Hawaiian or Other Pacific Islander,Rape,3
Native Hawaiian or Other Pacific Islander,Motor Vehicle Theft,3
Native Hawaiian or Other Pacific Islander,Robbery,2
Native Hawaiian or Other Pacific Islander,Drug Equipment Violations,2
Native Hawaiian or Other Pacific Islander,Impersonation,2
Native Hawaiian or Other Pacific Islander,Pornography/Obscene Material,2
Native Hawaiian or Other Pacific Islander,Wire Fraud,1
Native Hawaiian or Other Pacific Islander,Stolen Property Offenses,1
Native Hawaiian or Other Pacific Islander,Pocket-picking,1
Native Hawaiian or Other Pacific Islander,Assisting or Promoting Prostitution,1
Native Hawaiian or Other Pacific Islander,Animal Cruelty,1
Native Hawaiian or Other Pacific Islander,Statutory Rape,1
Native Hawaiian or Other Pacific Islander,Sodomy,1
Not Specified,All Other Larceny,29729
Not Specified,Theft From Motor Vehicle,22678
Not Specified,Destruction/Damage/Vandalism of Property,16864
Not Specified,Motor Vehicle Theft,11167
Not Specified,Burglary/Breaking & Entering,10928
Not Specified,False Pretenses/Swindle/Confidence Game,9215
Not Specified,Shoplifting,6991
Not Specified,Credit Card/Automated Teller Machine Fraud,5585
Not Specified,Simple Assault,5372
Not Specified,Aggravated Assault,2992
Not Specified,Impersonation,2961
Not Specified,Intimidation,2960
Not Specified,Identity Theft,2887
Not Specified,Counterfeiting/Forgery,2618
Not Specified,Theft From Building,2227
Not Specified,Robbery,1367
Not Specified,Theft of Motor Vehicle Parts or Accessories,1182
Not Specified,Stolen Property Offenses,1025
Not Specified,Drug/Narcotic Violations,874
Not Specified,Weapon Law Violations,855
Not Specified,Criminal Sexual Contact,639
Not Specified,Animal Cruelty,477
Not Specified,Extortion/Blackmail,451
Not Specified,Pornography/Obscene Material,417
Not Specified,Rape,395
Not Specified,Wire Fraud,292
Not Specified,Arson,229
Not Specified,Embezzlement,156
Not Specified,Kidnapping/Abduction,146
Not Specified,Sodomy,142
Not Specified,Hacking/Computer Invasion,136
Not Specified,Murder and Nonnegligent Manslaughter,102
Not Specified,Purse-snatching,101
Not Specified,Pocket-picking,98
Not Specified,"Human Trafficking, Commercial Sex Acts",73
Not Specified,Drug Equipment Violations,57
Not Specified,Statutory Rape,40
Not Specified,Theft From Coin-Operated Machine or Device,34
Not Specified,Sexual Assault With An Object,33
Not Specified,Welfare Fraud,25
Not Specified,Prostitution,14
Not Specified,"Human Trafficking, Involuntary Servitude",7
Not Specified,Betting/Wagering,5
Not Specified,Assisting or Promoting Prostitution,4
Not Specified,Operating/Promoting/Assisting Gambling,3
Not Specified,Incest,3
Not Specified,Negligent Manslaughter,2
Not Specified,Gambling Equipment Violation,1
Not Specified,Purchasing Prostitution,1
Not Specified,Bribery,1
Unknown,Theft From Motor Vehicle,9512
Unknown,All Other Larceny,6920
Unknown,Destruction/Damage/Vandalism of Property,6761
Unknown,Motor Vehicle Theft,6017
Unknown,Burglary/Breaking & Entering,3764
Unknown,False Pretenses/Swindle/Confidence Game,3670
Unknown,Shoplifting,2272
Unknown,Simple Assault,2126
Unknown,Credit Card/Automated Teller Machine Fraud,1718
Unknown,Aggravated Assault,1655
Unknown,Impersonation,1544
Unknown,Intimidation,1254
Unknown,Counterfeiting/Forgery,1204
Unknown,Pocket-picking,934
Unknown,Theft From Building,864
Unknown,Drug/Narcotic Violations,804
Unknown,Identity Theft,657
Unknown,Robbery,631
Unknown,Theft of Motor Vehicle Parts or Accessories,504
Unknown,Weapon Law Violations,368
Unknown,Stolen Property Offenses,246
Unknown,Criminal Sexual Contact,229
Unknown,Wire Fraud,173
Unknown,Rape,147
Unknown,Pornography/Obscene Material,146
Unknown,Extortion/Blackmail,135
Unknown,Embezzlement,102
Unknown,Kidnapping/Abduction,98
Unknown,Drug Equipment Violations,94
Unknown,Murder and Nonnegligent Manslaughter,86
Unknown,Hacking/Computer Invasion,77
Unknown,Arson,66
Unknown,Sodomy,65
Unknown,Purse-snatching,49
Unknown,Animal Cruelty,45
Unknown,Sexual Assault With An Object,44
Unknown,Statutory Rape,32
Unknown,"Human Trafficking, Commercial Sex Acts",30
Unknown,Theft From Coin-Operated Machine or Device,20
Unknown,Welfare Fraud,15
Unknown,Assisting or Promoting Prostitution,6
Unknown,Gambling Equipment Violation,6
Unknown,"Human Trafficking, Involuntary Servitude",4
Unknown,Incest,4
Unknown,Operating/Promoting/Assisting Gambling,3
Unknown,Justifiable Homicide,2
Unknown,Betting/Wagering,2
Unknown,Prostitution,1
Unknown,Bribery,1
White,Simple Assault,23376
White,Drug/Narcotic Violations,16585
White,Shoplifting,8914
White,All Other Larceny,7820
White,Destruction/Damage/Vandalism of Property,7241
White,Intimidation,7117
White,Aggravated Assault,4574
White,Drug Equipment Violations,4001
White,False Pretenses/Swindle/Confidence Game,3101
White,Burglary/Breaking & Entering,2361
White,Weapon Law Violations,2346
White,Motor Vehicle Theft,1934
White,Criminal Sexual Contact,1526
White,Counterfeiting/Forgery,1382
White,Theft From Motor Vehicle,1059
White,Stolen Property Offenses,911
White,Credit Card/Automated Teller Machine Fraud,896
White,Theft From Building,851
White,Kidnapping/Abduction,832
White,Pornography/Obscene Material,626
White,Rape,580
White,Impersonation,485
White,Robbery,483
White,Sodomy,393
White,Animal Cruelty,298
White,Identity Theft,279
White,Arson,184
White,Pocket-picking,182
White,Statutory Rape,170
White,Sexual Assault With An Object,160
White,Prostitution,119
White,Assisting or Promoting Prostitution,117
White,Murder and Nonnegligent Manslaughter,115
White,Theft of Motor Vehicle Parts or Accessories,107
White,Embezzlement,101
White,"Human Trafficking, Commercial Sex Acts",77
White,Extortion/Blackmail,56
White,Hacking/Computer Invasion,47
White,Wire Fraud,26
White,Purse-snatching,24
White,Incest,24
White,Negligent Manslaughter,23
White,Betting/Wagering,14
White,Theft From Coin-Operated Machine or Device,12
White,Bribery,12
White,"Human Trafficking, Involuntary Servitude",10
White,Operating/Promoting/Assisting Gambling,4
White,Purchasing Prostitution,3
White,Sports Tampering,2
White,Justifiable Homicide,2
White,Welfare Fraud,2
White,Gambling Equipment Violation,1
